{"cameraMode":{"drawMode":0,"name":"Shaded","section":"Shading Mode"},"sceneLighting":false,"audioPlay":false,"sceneViewState":{"m_AlwaysRefresh":false,"showFog":true,"showSkybox":false,"showFlares":true,"showImageEffects":true,"showParticleSystems":true,"showVisualEffectGraphs":true,"m_FxEnabled":true},"in2DMode":false,"pivot":{"x":-2.9802322387695315e-8,"y":0.5173887014389038,"z":0.16561077535152436},"rotation":{"x":0.010188017040491104,"y":0.9723420143127441,"z":-0.22930912673473359,"w":0.04320034012198448},"size":0.8687920570373535,"orthographic":false}