{"cameraMode":{"drawMode":0,"name":"Shaded","section":"Shading Mode"},"sceneLighting":false,"audioPlay":false,"sceneViewState":{"m_AlwaysRefresh":false,"showFog":true,"showSkybox":false,"showFlares":true,"showImageEffects":true,"showParticleSystems":true,"showVisualEffectGraphs":true,"m_FxEnabled":true},"in2DMode":false,"pivot":{"x":1.7881393432617188e-7,"y":2.5048890113830568,"z":0.4491548538208008},"rotation":{"x":0.010188017040491104,"y":0.9723420143127441,"z":-0.22930912673473359,"w":0.04320034012198448},"size":3.403449535369873,"orthographic":false}