{"cameraMode":{"drawMode":0,"name":"Shaded","section":"Shading Mode"},"sceneLighting":true,"audioPlay":false,"sceneViewState":{"m_AlwaysRefresh":false,"showFog":true,"showSkybox":true,"showFlares":true,"showImageEffects":true,"showParticleSystems":true,"showVisualEffectGraphs":true,"m_FxEnabled":true},"in2DMode":false,"pivot":{"x":1.4900000095367432,"y":2.0199999809265138,"z":0.589999794960022},"rotation":{"x":0.011565975844860077,"y":0.9762957692146301,"z":-0.2093151956796646,"w":0.053946081548929217},"size":3.7709591388702394,"orthographic":false}